Name,Outcode,Price per month,Price per bedroom per month,Price per bedroom per year,No. bedrooms,Distance from LSE,Crime No.,LSE accommodation
3 bed flat,WC2A,7800,2600.0,31200.0,3,0.17,5678,False
studio flat,WC2B,2396,2396.0,28752.0,1,0.31,6949,False
2 bed flat,WC2R,5633,2816.5,33798.0,2,0.35,5585,False
1 bed flat,WC2A,2500,2500.0,30000.0,1,0.4,5134,False
1 bed flat,EC4A,2600,2600.0,31200.0,1,0.48,4727,False
1 bed flat,EC4A,2000,2000.0,24000.0,1,0.48,4701,False
room in a shared flat,WC2H,1255,1255.0,15060.0,3,0.59,7259,False
2 bed flat,EC4Y,2900,1450.0,17400.0,2,0.65,3982,False
room in a shared flat,WC2E,1248,1248.0,14976.0,4,0.68,7060,False
4 bed flat,WC2H,6250,1562.5,18750.0,4,0.73,7618,False
2 bed flat,WC1X,3195,1597.5,19170.0,2,0.74,5165,False
room in a shared flat,WC1B,1400,1400.0,16800.0,3,0.76,7715,False
1 bed flat,EC1N,3000,3000.0,36000.0,1,0.82,4279,False
room in a shared flat,WC2H,1500,1500.0,18000.0,2,0.88,7058,False
2 bed flat,WC1X,2817,1408.5,16902.0,2,0.88,5129,False
2 bed flat,WC1X,2817,1408.5,16902.0,2,0.88,5129,False
room in a shared flat,EC1N,1312,1312.0,15744.0,3,0.9,3682,False
1 bed flat,WC2N,2999,2999.0,35988.0,1,0.91,6729,False
2 bed flat,WC1B,2800,1400.0,16800.0,2,0.94,7819,False
2 bed flat,WC1B,2500,1250.0,15000.0,2,0.95,7833,False
2 bed flat,SE1,3500,1750.0,21000.0,2,1.0,3310,False
bedsit,EC4M,1675,1675.0,20100.0,1,1.02,2827,False
2 bed flat,WC1N,3185,1592.5,19110.0,2,1.06,6910,False
2 bed flat,WC1N,3012,1506.0,18072.0,2,1.06,6910,False
1 bed flat,EC1N,3033,3033.0,36396.0,1,1.06,2961,False
2 bed flat,W14,3295,1647.5,19770.0,2,1.06,7008,False
2 bed flat,SE1,6300,3150.0,37800.0,2,1.06,3076,False
2 bed flat,SE1,6250,3125.0,37500.0,2,1.06,3076,False
studio flat,SE1,3510,3510.0,42120.0,1,1.07,3082,False
2 bed flat,SE1,6933,3466.5,41598.0,2,1.07,3102,False
2 bed flat,SE1,4650,2325.0,27900.0,2,1.07,4559,False
3 bed flat,EC1M,3999,1333.0,15996.0,3,1.1,2934,False
2 bed flat,WC1X,4550,2275.0,27300.0,2,1.12,3806,False
1 bed flat,SW1Y,3142,3142.0,37704.0,1,1.12,7141,False
studio flat,WC1N,1742,1742.0,20904.0,1,1.13,5959,False
1 bed flat,WC1X,3033,3033.0,36396.0,1,1.13,3861,False
room in a shared flat,W1D,1660,1660.0,19920.0,3,1.13,7427,False
1 bed flat,WC1N,3600,3600.0,43200.0,1,1.15,6970,False
room in a shared flat,W1T,715,715.0,8580.0,5,1.15,7380,False
room in a shared flat,W1T,715,715.0,8580.0,5,1.15,7380,False
room in a shared flat,W1T,715,715.0,8580.0,5,1.15,7380,False
2 bed flat,WC1N,3033,1516.5,18198.0,2,1.16,4851,False
1 bed flat,WC1N,3683,3683.0,44196.0,1,1.16,4851,False
room in a shared flat,W1T,1235,1235.0,14820.0,5,1.16,7383,False
room in a shared flat,W1T,1235,1235.0,14820.0,5,1.16,7383,False
2 bed flat,WC1E,3792,1896.0,22752.0,2,1.18,7873,False
studio flat,WC1N,2750,2750.0,33000.0,1,1.18,6943,False
studio flat,WC1X,1950,1950.0,23400.0,1,1.23,4445,False
studio flat,WC1H,1900,1900.0,22800.0,1,1.24,6886,False
studio flat,WC1H,2500,2500.0,30000.0,1,1.24,6899,False
studio flat,WC1H,2199,2199.0,26388.0,1,1.24,6899,False
1 bed flat,WC1X,3033,3033.0,36396.0,1,1.24,3751,False
2 bed flat,WC1X,4000,2000.0,24000.0,2,1.24,3751,False
1 bed flat,EC1R,2400,2400.0,28800.0,1,1.25,3051,False
1 bed flat,W1T,5100,5100.0,61200.0,1,1.27,7701,False
1 bed flat,SE1,2800,2800.0,33600.0,1,1.27,4241,False
1 bed flat,WC1N,1950,1950.0,23400.0,1,1.34,6281,False
2 bed flat,EC1A,2900,1450.0,17400.0,2,1.34,2371,False
2 bed flat,SE1,3640,1820.0,21840.0,2,1.36,3994,False
1 bed flat,SE1,2300,2300.0,27600.0,1,1.36,4000,False
room in a shared house,WC1E,1217,1217.0,14604.0,1,1.36,7636,False
room in a shared house,WC1H,1500,1500.0,18000.0,1,1.37,6644,False
2 bed flat,WC1E,4950,2475.0,29700.0,2,1.39,7815,False
1 bed flat,EC1A,3120,3120.0,37440.0,1,1.43,2363,False
2 bed flat,WC1H,2700,1350.0,16200.0,2,1.44,5203,False
1 bed flat,EC4V,3850,3850.0,46200.0,1,1.45,2373,False
room in a shared flat,WC1H,1350,1350.0,16200.0,2,1.45,5072,False
2 bed flat,WC1N,4242,2121.0,25452.0,2,1.47,5337,False
2 bed flat,WC1H,2700,1350.0,16200.0,2,1.47,4702,False
2 bed flat,EC1V,3100,1550.0,18600.0,2,1.48,2401,False
studio flat,SW1Y,2100,2100.0,25200.0,1,1.49,7233,False
room in a shared flat,WC1E,1300,1300.0,15600.0,2,1.49,7667,False
1 bed penthouse,SE1,3424,3424.0,41088.0,1,1.51,3219,False
room in a shared flat,EC1V,1550,1550.0,18600.0,3,1.51,2400,False
3 bed flat,SE1,3995,1331.6666666666667,15980.0,3,1.52,2523,False
2 bed flat,SE1,4300,2150.0,25800.0,2,1.53,2380,False
1 bed flat,SE1,2600,2600.0,31200.0,1,1.54,2421,False
studio flat,EC1V,1556,1556.0,18672.0,1,1.55,2449,False
studio flat,EC1A,2032,2032.0,24384.0,1,1.56,2321,False
studio flat,EC1A,2032,2032.0,24384.0,1,1.56,2321,False
room in a shared flat,SE1,990,990.0,11880.0,3,1.61,2435,False
room in a shared flat,SE1,990,990.0,11880.0,4,1.61,2435,False
room in a shared flat,SE1,1296,1296.0,15552.0,7,1.61,2418,False
room in a shared house,WC1X,1980,1980.0,23760.0,4,1.62,2908,False
2 bed flat,EC1V,3099,1549.5,18594.0,2,1.62,2375,False
2 bed flat,WC1H,3490,1745.0,20940.0,2,1.63,4882,False
room in a shared flat,EC1V,1150,1150.0,13800.0,4,1.63,2684,False
2 bed flat,WC1H,2850,1425.0,17100.0,2,1.64,3537,False
2 bed flat,SE1,3460,1730.0,20760.0,2,1.64,2411,False
1 bed flat,WC1H,2499,2499.0,29988.0,1,1.65,4179,False
studio flat,WC1H,2557,2557.0,30684.0,1,1.65,4680,False
studio flat,EC1Y,1750,1750.0,21000.0,1,1.66,2351,False
studio flat,WC1H,1972,1972.0,23664.0,1,1.66,4680,False
1 bed flat,WC1H,2150,2150.0,25800.0,1,1.66,4259,False
2 bed flat,WC1X,2850,1425.0,17100.0,2,1.66,2867,False
1 bed flat,EC4R,2495,2495.0,29940.0,1,1.67,2419,False
studio flat,WC1H,1972,1972.0,23664.0,1,1.68,4601,False
bedsit,W1W,1449,1449.0,17388.0,1,1.68,7764,False
2 bed flat,EC1R,3700,1850.0,22200.0,2,1.68,2590,False
studio flat,WC1H,2860,2860.0,34320.0,1,1.68,4504,False
2 bed flat,WC1X,8333,4166.5,49998.0,2,1.68,2984,False
2 bed flat,W1T,3700,1850.0,22200.0,2,1.69,7446,False
room in a shared flat,SE1,1140,1140.0,13680.0,5,1.69,2312,False
room in a shared flat,SE1,1140,1140.0,13680.0,5,1.69,2312,False
4 bed terraced house,WC1X,3950,987.5,11850.0,4,1.7,2949,False
1 bed flat,EC2Y,2400,2400.0,28800.0,1,1.71,2583,False
2 bed flat,W1T,3012,1506.0,18072.0,2,1.71,7561,False
2 bed flat,W1T,3012,1506.0,18072.0,2,1.71,7561,False
2 bed flat,EC1R,2800,1400.0,16800.0,2,1.72,2582,False
studio flat,WC1X,2405,2405.0,28860.0,1,1.73,3300,False
1 bed flat,W1T,2500,2500.0,30000.0,1,1.73,7544,False
room in a shared flat,SE1,899,899.0,10788.0,3,1.75,2292,False
room in a shared flat,EC1V,2150,2150.0,25800.0,1,1.76,2301,False
studio flat,EC1V,1500,1500.0,18000.0,1,1.76,2316,False
1 bed flat,W1W,2620,2620.0,31440.0,1,1.76,7470,False
room in a shared flat,EC1V,980,980.0,11760.0,4,1.77,2247,False
2 bed flat,SE1,2773,1386.5,16638.0,2,1.77,2291,False
3 bed flat,SE1,4073,1357.6666666666667,16292.0,3,1.77,2247,False
room in a shared flat,WC1E,1200,1200.0,14400.0,2,1.78,7107,False
2 bed flat,W1W,2600,1300.0,15600.0,2,1.78,7452,False
1 bed flat,WC1X,2400,2400.0,28800.0,1,1.79,2911,False
1 bed flat,WC1X,2600,2600.0,31200.0,1,1.79,2911,False
2 bed flat,NW1,2578,1289.0,15468.0,2,1.82,4168,False
3 bed flat,SE1,4333,1444.3333333333333,17332.0,3,1.82,2221,False
1 bed flat,SE1,2730,2730.0,32760.0,1,1.83,2182,False
2 bed flat,WC1X,2500,1250.0,15000.0,2,1.84,2633,False
room in a shared flat,SE1,1200,1200.0,14400.0,3,1.85,2249,False
studio flat,WC1X,1449,1449.0,17388.0,1,1.86,2983,False
2 bed flat,SE1,3995,1997.5,23970.0,2,1.87,2368,False
3 bed flat,SE1,4500,1500.0,18000.0,3,1.88,2167,False
2 bed flat,NW1,2773,1386.5,16638.0,2,1.89,3896,False
1 bed flat,W1S,8333,8333.0,99996.0,1,1.9,6908,False
1 bed flat,EC1V,2500,2500.0,30000.0,1,1.9,2334,False
1 bed flat,EC1V,2459,2459.0,29508.0,1,1.9,2334,False
1 bed flat,EC1V,2253,2253.0,27036.0,1,1.9,2368,False
1 bed flat,EC1V,2459,2459.0,29508.0,1,1.9,2334,False
1 bed flat,NW1,2100,2100.0,25200.0,1,1.91,3871,False
2 bed maisonette,N1,3500,1750.0,21000.0,2,1.92,2463,False
room in a shared flat,N1,2383,2383.0,28596.0,5,1.93,2631,False
1 bed flat,W1J,3207,3207.0,38484.0,1,1.95,7053,False
studio flat,W1J,2600,2600.0,31200.0,1,1.95,7053,False
studio flat,EC2Y,2492,2492.0,29904.0,1,1.95,2511,False
1 bed flat,EC1Y,2350,2350.0,28200.0,1,1.96,2439,False
2 bed flat,SE1,2300,1150.0,13800.0,2,1.96,2314,False
3 bed flat,SE1,2500,833.3333333333334,10000.0,3,1.96,2314,False
2 bed flat,NW1,3950,1975.0,23700.0,2,1.98,3661,False
studio flat,SE1,2000,2000.0,24000.0,1,1.98,2145,False
1 bed flat,N1,2245,2245.0,26940.0,1,1.99,2785,False
3 bed flat,NW1,4186,1395.3333333333333,16744.0,3,2.0,3623,False
2 bed flat,W1W,3250,1625.0,19500.0,2,2.01,6913,False
2 bed flat,EC1V,3012,1506.0,18072.0,2,2.02,2229,False
4 bed terraced house,SE1,8000,2000.0,24000.0,4,2.03,2133,False
2 bed flat,SE1,5985,2992.5,35910.0,2,2.04,2325,False
room in a shared flat,N1,1200,1200.0,14400.0,3,2.04,2688,False
2 bed flat,SE1,4495,2247.5,26970.0,2,2.04,2368,False
room in a shared flat,EC1V,2037,2037.0,24444.0,5,2.04,2233,False
4 bed flat,EC4R,5200,1300.0,15600.0,4,2.04,2409,False
2 bed flat,SE1,2687,1343.5,16122.0,2,2.05,2397,False
2 bed flat,SE1,2687,1343.5,16122.0,2,2.05,2397,False
studio flat,NW1,1712,1712.0,20544.0,1,2.07,4974,False
studio flat,NW1,2015,2015.0,24180.0,1,2.07,4974,False
2 bed flat,SW1P,4745,2372.5,28470.0,2,2.07,3774,False
2 bed flat,EC1V,3699,1849.5,22194.0,2,2.07,2441,False
1 bed flat,EC1V,1800,1800.0,21600.0,1,2.1,2556,False
1 bed flat,EC1V,1850,1850.0,22200.0,1,2.1,2556,False
3 bed flat,N1,2925,975.0,11700.0,3,2.1,2450,False
1 bed flat,SW1H,2795,2795.0,33540.0,1,2.12,4089,False
2 bed flat,NW1,2470,1235.0,14820.0,2,2.15,3048,False
room in a shared flat,SW1P,1299,1299.0,15588.0,3,2.16,2516,False
room in a shared flat,NW1,1127,1127.0,13524.0,3,2.16,3110,False
2 bed flat,EC1V,2990,1495.0,17940.0,2,2.17,2245,False
2 bed flat,N1,2500,1250.0,15000.0,2,2.18,2502,False
3 bed flat,NW1,4284,1428.0,17136.0,3,2.18,2850,False
3 bed flat,SW1P,8333,2777.6666666666665,33332.0,3,2.19,2217,False
2 bed flat,SW1P,4500,2250.0,27000.0,2,2.19,2217,False
1 bed flat,SW1P,4333,4333.0,51996.0,1,2.19,2217,False
2 bed flat,SW1P,4350,2175.0,26100.0,2,2.19,2217,False
1 bed flat,SW1P,3500,3500.0,42000.0,1,2.19,2215,False
3 bed flat,EC1V,5400,1800.0,21600.0,3,2.19,2072,False
2 bed flat,EC1V,3467,1733.5,20802.0,2,2.19,2073,False
2 bed flat,EC1V,3600,1800.0,21600.0,2,2.19,2073,False
1 bed flat,EC1V,3150,3150.0,37800.0,1,2.19,2073,False
2 bed flat,SE1,2600,1300.0,15600.0,2,2.19,2296,False
3 bed maisonette,NW1,3600,1200.0,14400.0,3,2.2,2975,False
3 bed flat,NW1,3500,1166.6666666666667,14000.0,3,2.2,4555,False
3 bed flat,SW1P,5750,1916.6666666666667,23000.0,3,2.2,2594,False
1 bed flat,EC1V,2250,2250.0,27000.0,1,2.21,2072,False
2 bed flat,EC1V,3700,1850.0,22200.0,2,2.21,2084,False
2 bed flat,EC1V,4008,2004.0,24048.0,2,2.21,2143,False
1 bed flat,EC1V,2200,2200.0,26400.0,1,2.21,2081,False
5 bed end terrace,N1,5200,1040.0,12480.0,5,2.21,2191,False
1 bed flat,SE1,2496,2496.0,29952.0,1,2.22,2233,False
2 bed flat,EC1V,3950,1975.0,23700.0,2,2.22,2110,False
2 bed flat,SE1,2100,1050.0,12600.0,2,2.24,2336,False
1 bed flat,N1,4700,4700.0,56400.0,1,2.25,2414,False
1 bed flat,EC1V,2700,2700.0,32400.0,1,2.25,2060,False
studio flat,SW1P,2750,2750.0,33000.0,1,2.27,2106,False
room in a shared flat,EC1V,950,950.0,11400.0,4,2.27,2310,False
1 bed flat,SE1,2100,2100.0,25200.0,1,2.29,2296,False
2 bed flat,SW1P,3500,1750.0,21000.0,2,2.3,2187,False
room in a shared flat,SE17,1700,1700.0,20400.0,2,2.3,2204,False
4 bed maisonette,N1,5750,1437.5,17250.0,4,2.31,2493,False
room in a shared flat,SE11,1000,1000.0,12000.0,3,2.32,2130,False
4 bed flat,NW1,4745,1186.25,14235.0,4,2.32,5018,False
1 bed flat,SE1,2500,2500.0,30000.0,1,2.33,2276,False
1 bed flat,W1B,3250,3250.0,39000.0,1,2.33,5422,False
room in a shared flat,SE1,1235,1235.0,14820.0,3,2.33,2230,False
2 bed flat,SE1,1998,999.0,11988.0,2,2.33,2230,False
1 bed flat,EC2A,3159,3159.0,37908.0,1,2.33,2565,False
1 bed flat,EC2A,3358,3358.0,40296.0,1,2.33,2565,False
studio flat,W1B,1975,1975.0,23700.0,1,2.33,5419,False
3 bed flat,NW1,3750,1250.0,15000.0,3,2.34,4705,False
1 bed flat,SE1,1795,1795.0,21540.0,1,2.36,2216,False
2 bed flat,SE1,1950,975.0,11700.0,2,2.36,2216,False
studio flat,W1J,2550,2550.0,30600.0,1,2.36,5988,False
1 bed flat,W1J,3199,3199.0,38388.0,1,2.36,5986,False
2 bed flat,SE1,3000,1500.0,18000.0,2,2.36,2271,False
4 bed flat,SE1,2900,725.0,8700.0,4,2.37,2210,False
1 bed flat,W1U,3800,3800.0,45600.0,1,2.39,5848,False
1 bed flat,W1U,4333,4333.0,51996.0,1,2.39,5848,False
room in a shared flat,NW1,1900,1900.0,22800.0,2,2.4,4432,False
4 bed flat,NW1,4400,1100.0,13200.0,4,2.4,4432,False
2 bed flat,SW1P,5417,2708.5,32502.0,2,2.4,1962,False
3 bed flat,SW1P,6717,2239.0,26868.0,3,2.4,1962,False
2 bed flat,SW1P,5958,2979.0,35748.0,2,2.4,1962,False
1 bed flat,SW1P,2750,2750.0,33000.0,1,2.43,2163,False
2 bed flat,EC1V,3467,1733.5,20802.0,2,2.44,2456,False
2 bed flat,SE1,2150,1075.0,12900.0,2,2.44,2203,False
1 bed flat,SE1,2100,2100.0,25200.0,1,2.44,1928,False
2 bed flat,SW1P,3200,1600.0,19200.0,2,2.44,1898,False
1 bed flat,SE1,2100,2100.0,25200.0,1,2.45,1940,False
room in a shared flat,SW1E,1460,1460.0,17520.0,1,2.46,2999,False
2 bed flat,W1J,8333,4166.5,49998.0,2,2.48,4953,False
room in a shared house,SE11,900,900.0,10800.0,1,2.48,1938,False
1 bed flat,W1G,4000,4000.0,48000.0,1,2.48,4819,False
room in a shared flat,W1G,2700,2700.0,32400.0,1,2.48,4819,False
1 bed flat,N1C,2708,2708.0,32496.0,1,2.49,2715,False
room in a shared flat,NW1,1700,1700.0,20400.0,2,2.49,4184,False
1 bed flat,EC3A,4500,4500.0,54000.0,1,2.5,2827,False
1 bed flat,SE1,2420,2420.0,29040.0,1,2.51,2102,False
studio flat,N1,1900,1900.0,22800.0,1,2.51,2486,False
studio flat,N1,2067,2067.0,24804.0,1,2.51,2486,False
studio flat,W1G,2500,2500.0,30000.0,1,2.52,4705,False
4 bed flat,NW1,4800,1200.0,14400.0,4,2.54,2583,False
3 bed flat,N1,2750,916.6666666666666,11000.0,3,2.55,2121,False
2 bed flat,EC2A,2400,1200.0,14400.0,2,2.55,2623,False
room in a shared house,N1,1500,1500.0,18000.0,1,2.56,2466,False
room in a shared flat,N1,2318,2318.0,27816.0,5,2.56,2447,False
2 bed flat,EC3R,6500,3250.0,39000.0,2,2.56,2323,False
4 bed flat,NW1,3500,875.0,10500.0,4,2.58,2690,False
3 bed flat,EC2M,8333,2777.6666666666665,33332.0,3,2.58,2841,False
1 bed flat,W1K,8000,8000.0,96000.0,1,2.58,4822,False
1 bed flat,SE1,3500,3500.0,42000.0,1,2.59,1846,False
room in a shared flat,SW1P,1090,1090.0,13080.0,3,2.59,1702,False
2 bed flat,SW1P,3300,1650.0,19800.0,2,2.6,1747,False
room in a shared flat,N1,1050,1050.0,12600.0,4,2.61,2454,False
room in a shared flat,N1,1100,1100.0,13200.0,4,2.61,2454,False
room in a shared flat,N1,1050,1050.0,12600.0,4,2.61,2454,False
studio flat,SW1P,1625,1625.0,19500.0,1,2.62,1971,False
3 bed flat,NW1,3575,1191.6666666666667,14300.0,3,2.62,2699,False
studio flat,SE1,1950,1950.0,23400.0,1,2.63,2040,False
2 bed flat,SE1,2700,1350.0,16200.0,2,2.63,2040,False
studio flat,SE1,2080,2080.0,24960.0,1,2.63,2040,False
2 bed flat,SE1,2200,1100.0,13200.0,2,2.63,2086,False
2 bed flat,SE1,2400,1200.0,14400.0,2,2.63,2138,False
room in a shared flat,SE1,2350,2350.0,28200.0,2,2.65,1849,False
2 bed flat,SE11,3000,1500.0,18000.0,2,2.65,1900,False
1 bed flat,E1,1976,1976.0,23712.0,1,2.65,2829,False
2 bed flat,N1,4500,2250.0,27000.0,2,2.66,2349,False
room in a shared flat,N1,980,980.0,11760.0,4,2.68,2433,False
1 bed flat,N1,1850,1850.0,22200.0,1,2.68,2354,False
room in a shared flat,N1,980,980.0,11760.0,4,2.69,2415,False
room in a shared flat,N1,1000,1000.0,12000.0,4,2.69,2415,False
room in a shared flat,N1,1050,1050.0,12600.0,4,2.69,2415,False
bedsit,W1U,2578,2578.0,30936.0,1,2.7,3949,False
1 bed flat,NW1,1850,1850.0,22200.0,1,2.7,2512,False
1 bed flat,SE17,2340,2340.0,28080.0,1,2.71,1944,False
studio flat,SE17,2167,2167.0,26004.0,1,2.71,2038,False
2 bed flat,SE17,3250,1625.0,19500.0,2,2.71,2038,False
3 bed flat,N1,3315,1105.0,13260.0,3,2.72,2403,False
1 bed flat,NW1,1750,1750.0,21000.0,1,2.72,2471,False
2 bed flat,N1,4000,2000.0,24000.0,2,2.72,1987,False
3 bed maisonette,N1,3900,1300.0,15600.0,3,2.72,2717,False
2 bed flat,SE1,2250,1125.0,13500.0,2,2.72,2028,False
1 bed flat,SE17,2400,2400.0,28800.0,1,2.73,1994,False
2 bed flat,W1U,3850,1925.0,23100.0,2,2.73,4098,False
2 bed flat,N1,2500,1250.0,15000.0,2,2.73,2342,False
1 bed flat,N1,2495,2495.0,29940.0,1,2.74,2354,False
1 bed flat,W1U,2900,2900.0,34800.0,1,2.76,3767,False
room in a shared flat,N1C,1300,1300.0,15600.0,2,2.76,2662,False
room in a shared flat,SE17,1430,1430.0,17160.0,2,2.76,2094,False
room in a shared flat,SE17,1430,1430.0,17160.0,2,2.76,2094,False
3 bed flat,N1,2730,910.0,10920.0,3,2.77,2269,False
4 bed flat,N1,2730,682.5,8190.0,4,2.77,2269,False
1 bed flat,EC2A,3302,3302.0,39624.0,1,2.77,2762,False
room in a shared flat,SE11,850,850.0,10200.0,1,2.78,1777,False
2 bed flat,N1,3450,1725.0,20700.0,2,2.78,2166,False
3 bed flat,SE1,2300,766.6666666666666,9200.0,3,2.79,1984,False
room in a shared flat,NW1,1099,1099.0,13188.0,3,2.8,2463,False
4 bed flat,NW1,7000,1750.0,21000.0,4,2.8,2463,False
room in a shared flat,N1,950,950.0,11400.0,4,2.8,2127,False
room in a shared flat,N1,900,900.0,10800.0,4,2.8,2127,False
room in a shared flat,N1,980,980.0,11760.0,4,2.8,2127,False
room in a shared flat,N1,1150,1150.0,13800.0,4,2.8,2127,False
1 bed flat,SE17,2470,2470.0,29640.0,1,2.8,1921,False
1 bed flat,N1C,3000,3000.0,36000.0,1,2.8,2649,False
3 bed flat,W1U,7000,2333.3333333333335,28000.0,3,2.81,3567,False
2 bed flat,W1U,6200,3100.0,37200.0,2,2.81,3567,False
2 bed flat,SE17,2450,1225.0,14700.0,2,2.81,1822,False
room in a shared flat,EC3N,1297,1297.0,15564.0,2,2.81,2544,False
room in a shared flat,EC3N,1257,1257.0,15084.0,3,2.81,2544,False
2 bed flat,SE17,5500,2750.0,33000.0,2,2.81,1894,False
room in a shared flat,N1,990,990.0,11880.0,3,2.82,2344,False
room in a shared house,N1,990,990.0,11880.0,3,2.83,2349,False
room in a shared house,N1,990,990.0,11880.0,3,2.83,2349,False
room in a shared house,N1,990,990.0,11880.0,3,2.83,2349,False
1 bed flat,SE17,2350,2350.0,28200.0,1,2.83,1919,False
2 bed flat,SE17,2600,1300.0,15600.0,2,2.83,1801,False
room in a shared flat,N1C,1374,1374.0,16488.0,3,2.83,2506,False
room in a shared flat,N1C,1166,1166.0,13992.0,1,2.84,2510,False
2 bed flat,SE17,2750,1375.0,16500.0,2,2.84,1903,False
1 bed flat,SW1V,2900,2900.0,34800.0,1,2.85,1697,False
2 bed flat,W1U,6000,3000.0,36000.0,2,2.85,3409,False
studio flat,EC2A,2250,2250.0,27000.0,1,2.85,2588,False
studio flat,NW1,1950,1950.0,23400.0,1,2.86,2504,False
1 bed flat,SE17,2400,2400.0,28800.0,1,2.86,1902,False
studio flat,SW1V,2400,2400.0,28800.0,1,2.88,1573,False
4 bed maisonette,N1,3840,960.0,11520.0,4,2.89,2319,False
1 bed flat,SE1,3600,3600.0,43200.0,1,2.89,1952,False
studio flat,N1,1130,1130.0,13560.0,1,2.9,2701,False
room in a shared flat,SE11,925,925.0,11100.0,1,2.91,1615,False
room in a shared flat,SE11,925,925.0,11100.0,1,2.91,1615,False
room in a shared flat,EC3N,1426,1426.0,17112.0,1,2.91,2475,False
1 bed flat,W1H,2708,2708.0,32496.0,1,2.91,3538,False
2 bed flat,W1H,3683,1841.5,22098.0,2,2.91,3538,False
2 bed flat,W1H,3679,1839.5,22074.0,2,2.91,3538,False
2 bed flat,N1,1733,866.5,10398.0,2,2.91,2192,False
2 bed flat,SE11,2250,1125.0,13500.0,2,2.91,1650,False
3 bed penthouse,EC2A,5000,1666.6666666666667,20000.0,3,2.91,2640,False
3 bed flat,N1,2600,866.6666666666666,10400.0,3,2.92,1715,False
2 bed maisonette,N1,2275,1137.5,13650.0,2,2.92,1894,False
4 bed flat,NW1,4500,1125.0,13500.0,4,2.92,2441,False
2 bed flat,E1,2700,1350.0,16200.0,2,2.93,2714,False
room in a shared flat,SW1V,1000,1000.0,12000.0,4,2.93,1586,False
4 bed flat,SE11,4350,1087.5,13050.0,4,2.94,1584,False
studio flat,SE11,1850,1850.0,22200.0,1,2.96,1669,False
1 bed flat,W1U,2150,2150.0,25800.0,1,2.96,3175,False
3 bed flat,SE1,7800,2600.0,31200.0,3,2.96,2029,False
room in a shared flat,E1,1100,1100.0,13200.0,3,2.96,2649,False
2 bed flat,N1,3250,1625.0,19500.0,2,2.97,2557,False
1 bed flat,SE17,1950,1950.0,23400.0,1,2.97,1679,False
1 bed flat,N1,2500,2500.0,30000.0,1,2.98,2069,False
2 bed flat,SE17,2750,1375.0,16500.0,2,2.98,1696,False
2 bed flat,W1H,6200,3100.0,37200.0,2,2.98,3118,False
1 bed flat,SW1W,2578,2578.0,30936.0,1,2.98,1698,False
2 bed flat,E1,2500,1250.0,15000.0,2,2.99,2642,False
2 bed flat,E1,2300,1150.0,13800.0,2,2.99,2642,False
1 bed flat,N1,2545,2545.0,30540.0,1,2.99,1642,False
room in a shared flat,SE1,850,850.0,10200.0,4,3.0,1958,False
room in a shared flat,SE17,997,997.0,11964.0,6,3.0,1639,False
2 bed flat,N1,2318,1159.0,13908.0,2,3.0,2048,False
1 bed flat,SE1,2200,2200.0,26400.0,1,3.0,1882,False
2 bed flat,SE1,4300,2150.0,25800.0,2,3.01,1970,False
room in a shared flat,SW1V,1153,1153.0,13836.0,4,3.02,1599,False
room in a shared house,SW1V,1101,1101.0,13212.0,3,3.02,1599,False
1 bed flat,NW1,1600,1600.0,19200.0,1,3.02,2326,False
3 bed semi-detached house,NW1,3800,1266.6666666666667,15200.0,3,3.02,2433,False
1 bed flat,NW1,1495,1495.0,17940.0,1,3.03,2314,False
2 bed flat,E1,2600,1300.0,15600.0,2,3.03,2608,False
2 bed flat,E1,2400,1200.0,14400.0,2,3.03,2608,False
1 bed flat,SE11,2600,2600.0,31200.0,1,3.03,1505,False
2 bed penthouse,SE11,4200,2100.0,25200.0,2,3.03,1505,False
2 bed flat,SE11,2817,1408.5,16902.0,2,3.03,1505,False
2 bed flat,N1,1733,866.5,10398.0,2,3.03,2196,False
studio flat,N1,1300,1300.0,15600.0,1,3.03,2196,False
studio flat,N1,1300,1300.0,15600.0,1,3.03,2196,False
studio flat,E1,1450,1450.0,17400.0,1,3.04,2446,False
1 bed flat,W1H,2100,2100.0,25200.0,1,3.04,2986,False
2 bed maisonette,SE1,4000,2000.0,24000.0,2,3.05,1898,False
2 bed flat,E1,3200,1600.0,19200.0,2,3.05,2632,False
1 bed flat,N1,2167,2167.0,26004.0,1,3.05,2195,False
2 bed flat,W1H,2817,1408.5,16902.0,2,3.05,3184,False
studio flat,E1,2145,2145.0,25740.0,1,3.05,2630,False
room in a shared flat,N1,1170,1170.0,14040.0,1,3.05,2238,False
1 bed flat,E1,2500,2500.0,30000.0,1,3.06,2596,False
studio flat,SW1V,1300,1300.0,15600.0,1,3.06,1581,False
2 bed maisonette,W1H,3450,1725.0,20700.0,2,3.06,2889,False
3 bed flat,SE11,3904,1301.3333333333333,15616.0,3,3.07,1492,False
3 bed flat,SE1,4250,1416.6666666666667,17000.0,3,3.07,1874,False
3 bed flat,SE1,4300,1433.3333333333333,17200.0,3,3.07,1874,False
3 bed flat,NW1,5633,1877.6666666666667,22532.0,3,3.07,2828,False
1 bed flat,E1,2340,2340.0,28080.0,1,3.08,2582,False
1 bed flat,E1,2318,2318.0,27816.0,1,3.08,2582,False
room in a shared house,E1,650,650.0,7800.0,4,3.08,2582,False
2 bed flat,NW1,2250,1125.0,13500.0,2,3.09,2738,False
2 bed maisonette,SE17,2600,1300.0,15600.0,2,3.09,1969,False
room in a shared flat,SE1,1325,1325.0,15900.0,2,3.09,1864,False
2 bed flat,N1,6500,3250.0,39000.0,2,3.09,2133,False
room in a shared flat,NW1,1109,1109.0,13308.0,5,3.1,2311,False
room in a shared flat,NW1,1300,1300.0,15600.0,1,3.1,2358,False
2 bed flat,NW1,2383,1191.5,14298.0,2,3.1,2358,False
room in a shared flat,SW8,1250,1250.0,15000.0,2,3.1,1507,False
bedsit,NW1,1100,1100.0,13200.0,1,3.1,2283,False
studio flat,NW1,1600,1600.0,19200.0,1,3.1,2283,False
studio flat,SW1V,1100,1100.0,13200.0,1,3.1,1616,False
2 bed flat,N1,2590,1295.0,15540.0,2,3.11,1593,False
1 bed flat,N1,2200,2200.0,26400.0,1,3.11,1790,False
2 bed flat,N1,3000,1500.0,18000.0,2,3.11,2112,False
2 bed flat,SE17,2700,1350.0,16200.0,2,3.12,1891,False
4 bed terraced house,NW1,4200,1050.0,12600.0,4,3.12,2247,False
2 bed flat,E2,2495,1247.5,14970.0,2,3.13,2566,False
1 bed flat,SW8,2700,2700.0,32400.0,1,3.14,1440,False
3 bed flat,N1,3300,1100.0,13200.0,3,3.14,2252,False
studio flat,SW1V,2037,2037.0,24444.0,1,3.14,1535,False
1 bed flat,E1,4875,4875.0,58500.0,1,3.15,2492,False
1 bed flat,E1,2730,2730.0,32760.0,1,3.15,2496,False
2 bed flat,E1,2475,1237.5,14850.0,2,3.16,2739,False
2 bed flat,SE17,2750,1375.0,16500.0,2,3.16,1563,False
2 bed flat,NW1,2600,1300.0,15600.0,2,3.16,2752,False
1 bed flat,SE17,1600,1600.0,19200.0,1,3.16,1562,False
1 bed flat,E1,1750,1750.0,21000.0,1,3.17,2528,False
2 bed flat,E1,2250,1125.0,13500.0,2,3.19,2334,False
2 bed maisonette,W2,5500,2750.0,33000.0,2,3.2,3039,False
2 bed maisonette,W2,5000,2500.0,30000.0,2,3.2,3039,False
1 bed flat,SE1,2300,2300.0,27600.0,1,3.2,1810,False
1 bed flat,W1H,2099,2099.0,25188.0,1,3.21,2830,False
studio flat,E1,1300,1300.0,15600.0,1,3.22,2424,False
2 bed flat,E1,3770,1885.0,22620.0,2,3.22,2397,False
2 bed flat,E1,3684,1842.0,22104.0,2,3.22,2397,False
room in a shared flat,E2,1500,1500.0,18000.0,2,3.22,2489,False
2 bed flat,SE17,2650,1325.0,15900.0,2,3.23,1536,False
1 bed flat,SE17,1800,1800.0,21600.0,1,3.23,1542,False
2 bed flat,E2,2500,1250.0,15000.0,2,3.23,2729,False
2 bed flat,SE11,3095,1547.5,18570.0,2,3.24,1408,False
1 bed flat,SE11,3500,3500.0,42000.0,1,3.24,1530,False
room in a shared flat,E1,1538,1538.0,18456.0,1,3.24,2334,False
1 bed flat,E1,2750,2750.0,33000.0,1,3.24,2535,False
2 bed maisonette,N1,3800,1900.0,22800.0,2,3.24,1917,False
1 bed flat,E1,2578,2578.0,30936.0,1,3.25,2423,False
1 bed flat,E1,2578,2578.0,30936.0,1,3.25,2423,False
room in a shared flat,E1,1476,1476.0,17712.0,1,3.25,2322,False
room in a shared flat,E1,1500,1500.0,18000.0,2,3.25,2771,False
room in a shared flat,E15,1000,1000.0,12000.0,3,3.26,2463,False
room in a shared flat,E1,1150,1150.0,13800.0,2,3.27,2251,False
room in a shared flat,E1,1500,1500.0,18000.0,2,3.27,2251,False
studio flat,W1H,2350,2350.0,28200.0,1,3.27,2525,False
room in a shared house,NW1,850,850.0,10200.0,3,3.27,2121,False
room in a shared flat,E1,1600,1600.0,19200.0,2,3.27,2581,False
1 bed flat,SW1V,1950,1950.0,23400.0,1,3.27,1493,False
room in a shared house,E1,1300,1300.0,15600.0,3,3.27,2414,False
1 bed flat,E1,2100,2100.0,25200.0,1,3.28,2429,False
1 bed flat,W1H,3000,3000.0,36000.0,1,3.28,2400,False
2 bed maisonette,NW1,2297,1148.5,13782.0,2,3.28,2123,False
2 bed flat,E1,4767,2383.5,28602.0,2,3.28,2266,False
3 bed flat,E1,6500,2166.6666666666665,26000.0,3,3.28,2266,False
2 bed flat,E1,3033,1516.5,18198.0,2,3.28,2266,False
2 bed flat,E1,3445,1722.5,20670.0,2,3.28,2266,False
1 bed flat,E1,2600,2600.0,31200.0,1,3.28,2266,False
1 bed flat,W2,2300,2300.0,27600.0,1,3.29,2506,False
1 bed flat,SE1,2200,2200.0,26400.0,1,3.3,1746,False
studio flat,W1H,1825,1825.0,21900.0,1,3.3,2405,False
3 bed flat,SW1V,4750,1583.3333333333333,19000.0,3,3.3,1504,False
2 bed flat,E1,3900,1950.0,23400.0,2,3.3,2326,False
1 bed flat,NW1,1995,1995.0,23940.0,1,3.3,1744,False
2 bed flat,E1,4250,2125.0,25500.0,2,3.3,2311,False
3 bed flat,E1,4767,1589.0,19068.0,3,3.3,2311,False
2 bed flat,E1,4250,2125.0,25500.0,2,3.3,2311,False
studio flat,NW1,2500,2500.0,30000.0,1,3.3,2157,False
studio flat,NW1,2400,2400.0,28800.0,1,3.3,2157,False
studio flat,NW1,1950,1950.0,23400.0,1,3.3,2157,False
studio flat,NW1,1800,1800.0,21600.0,1,3.3,2157,False
1 bed flat,W1H,2362,2362.0,28344.0,1,3.31,2406,False
1 bed flat,E1,3250,3250.0,39000.0,1,3.31,2249,False
room in a shared flat,SE1,1083,1083.0,12996.0,3,3.31,1675,False
2 bed flat,E1,3800,1900.0,22800.0,2,3.32,2381,False
3 bed flat,W1H,6500,2166.6666666666665,26000.0,3,3.32,2401,False
room in a shared flat,N1,1500,1500.0,18000.0,2,3.33,1504,False
studio flat,SE1,1590,1590.0,19080.0,1,3.33,1667,False
2 bed flat,E1,2903,1451.5,17418.0,2,3.33,2251,False
1 bed flat,E1,3033,3033.0,36396.0,1,3.33,2363,False
2 bed penthouse,SW1W,5200,2600.0,31200.0,2,3.33,1540,False
studio flat,NW1,1200,1200.0,14400.0,1,3.33,2174,False
2 bed flat,SW1V,2795,1397.5,16770.0,2,3.34,1543,False
1 bed flat,E1,2000,2000.0,24000.0,1,3.34,2806,False
studio flat,SW1V,1520,1520.0,18240.0,1,3.34,1533,False
studio flat,SW1V,1580,1580.0,18960.0,1,3.34,1533,False
2 bed flat,E2,2650,1325.0,15900.0,2,3.34,2796,False
3 bed terraced house,NW1,5178,1726.0,20712.0,3,3.34,1852,False
studio flat,W2,1517,1517.0,18204.0,1,3.34,2449,False
1 bed flat,W2,2800,2800.0,33600.0,1,3.34,2449,False
room in a shared flat,W2,1450,1450.0,17400.0,3,3.34,2449,False
1 bed flat,W2,2275,2275.0,27300.0,1,3.34,2449,False
2 bed flat,W2,3040,1520.0,18240.0,2,3.34,2449,False
room in a shared flat,SW8,997,997.0,11964.0,5,3.35,1209,False
room in a shared flat,SW8,997,997.0,11964.0,5,3.35,1209,False
room in a shared house,SW8,997,997.0,11964.0,5,3.35,1209,False
1 bed flat,W2,2350,2350.0,28200.0,1,3.35,2429,False
1 bed flat,W2,3450,3450.0,41400.0,1,3.35,2438,False
1 bed flat,SE17,4000,4000.0,48000.0,1,3.35,1594,False
1 bed flat,NW1,2448,2448.0,29376.0,1,3.35,2020,False
1 bed flat,NW1,2448,2448.0,29376.0,1,3.35,2020,False
1 bed flat,SW1V,2250,2250.0,27000.0,1,3.35,1480,False
1 bed flat,SW1V,2950,2950.0,35400.0,1,3.35,1480,False
1 bed flat,SW1V,2750,2750.0,33000.0,1,3.35,1480,False
2 bed flat,SW1V,2950,1475.0,17700.0,2,3.35,1480,False
1 bed flat,SE1,2000,2000.0,24000.0,1,3.36,1761,False
room in a shared flat,W1H,1400,1400.0,16800.0,2,3.36,2391,False
room in a shared flat,W1H,1400,1400.0,16800.0,2,3.36,2391,False
studio flat,NW1,2300,2300.0,27600.0,1,3.36,1791,False
1 bed flat,E1W,1995,1995.0,23940.0,1,3.36,2214,False
2 bed flat,W2,3900,1950.0,23400.0,2,3.36,2566,False
1 bed flat,N1,2200,2200.0,26400.0,1,3.36,2122,False
1 bed flat,W1H,3600,3600.0,43200.0,1,3.36,2293,False
1 bed flat,E1,2903,2903.0,34836.0,1,3.37,2320,False
1 bed flat,E1,2903,2903.0,34836.0,1,3.37,2320,False
1 bed flat,E1,3100,3100.0,37200.0,1,3.37,2247,False
3 bed flat,W1H,4000,1333.3333333333333,16000.0,3,3.37,2267,False
room in a shared flat,NW1,1069,1069.0,12828.0,4,3.37,2131,False
2 bed flat,E1,2903,1451.5,17418.0,2,3.37,2214,False
room in a shared flat,E1,2232,2232.0,26784.0,5,3.38,2406,False
1 bed flat,E1,1650,1650.0,19800.0,1,3.38,2745,False
2 bed flat,N1,2300,1150.0,13800.0,2,3.38,1478,False
1 bed flat,NW1,2350,2350.0,28200.0,1,3.38,2091,False
room in a shared house,SW1V,950,950.0,11400.0,3,3.38,1519,False
room in a shared flat,SW1V,900,900.0,10800.0,4,3.38,1519,False
room in a shared flat,SW1V,950,950.0,11400.0,4,3.38,1519,False
room in a shared house,SW1V,950,950.0,11400.0,3,3.38,1519,False
room in a shared flat,SW1V,900,900.0,10800.0,4,3.38,1519,False
1 bed flat,E1,2480,2480.0,29760.0,1,3.39,2217,False
room in a shared flat,N1,1000,1000.0,12000.0,4,3.39,1642,False
1 bed flat,NW1,2400,2400.0,28800.0,1,3.39,1439,False
3 bed flat,SE1,3650,1216.6666666666667,14600.0,3,3.4,1715,False
2 bed flat,SW8,4600,2300.0,27600.0,2,3.4,1211,False
2 bed flat,E1,3200,1600.0,19200.0,2,3.4,2189,False
studio flat,SW1V,1300,1300.0,15600.0,1,3.41,1530,False
1 bed flat,W1H,3033,3033.0,36396.0,1,3.41,2255,False
studio flat,NW1,1955,1955.0,23460.0,1,3.41,1736,False
room in a shared flat,E2,1278,1278.0,15336.0,5,3.42,2458,False
room in a shared flat,E1,1100,1100.0,13200.0,3,3.42,2714,False
studio flat,SW1V,1885,1885.0,22620.0,1,3.42,1535,False
2 bed flat,SW1X,5000,2500.0,30000.0,2,3.43,1552,False
4 bed flat,NW1,4767,1191.75,14301.0,4,3.43,2164,False
2 bed flat,N1,2800,1400.0,16800.0,2,3.43,1484,False
room in a shared flat,SW1V,700,700.0,8400.0,1,3.43,1545,False
4 bed flat,NW1,5633,1408.25,16899.0,4,3.44,2161,False
room in a shared flat,SE11,850,850.0,10200.0,4,3.44,1297,False
room in a shared flat,SW1V,1280,1280.0,15360.0,5,3.44,1499,False
room in a shared house,SW1V,1280,1280.0,15360.0,5,3.44,1499,False
room in a shared flat,SW1V,1150,1150.0,13800.0,5,3.44,1499,False
room in a shared flat,SW1V,1083,1083.0,12996.0,4,3.44,1490,False
studio flat,SW3,5000,5000.0,60000.0,1,3.44,1552,False
1 bed flat,SW1X,4767,4767.0,57204.0,1,3.46,1537,False
studio flat,E1,1538,1538.0,18456.0,1,3.46,2466,False
2 bed penthouse,SE1,2995,1497.5,17970.0,2,3.47,1703,False
2 bed penthouse,SW1V,4500,2250.0,27000.0,2,3.47,1501,False
studio flat,NW1,1343,1343.0,16116.0,1,3.47,1543,False
2 bed flat,E1,3033,1516.5,18198.0,2,3.47,2158,False
1 bed flat,E1,2708,2708.0,32496.0,1,3.47,2155,False
1 bed flat,E1,1890,1890.0,22680.0,1,3.47,2354,False
2 bed flat,NW1,2000,1000.0,12000.0,2,3.47,2050,False
room in a shared flat,W2,1550,1550.0,18600.0,3,3.47,2198,False
1 bed flat,SW1V,2730,2730.0,32760.0,1,3.48,1500,False
2 bed flat,E1W,3680,1840.0,22080.0,2,3.48,2099,False
room in a shared flat,SE17,900,900.0,10800.0,4,3.48,1765,False
room in a shared house,SE17,850,850.0,10200.0,4,3.48,1765,False
room in a shared house,SE17,850,850.0,10200.0,4,3.48,1765,False
1 bed flat,NW1,2300,2300.0,27600.0,1,3.48,2187,False
studio flat,NW1,1343,1343.0,16116.0,1,3.49,1528,False
studio flat,NW1,1213,1213.0,14556.0,1,3.49,1528,False
2 bed flat,E1W,3467,1733.5,20802.0,2,3.49,2068,False
2 bed flat,NW1,5500,2750.0,33000.0,2,3.49,2160,False
3 bed maisonette,N7,3400,1133.3333333333333,13600.0,3,3.49,2041,False
room in a shared house,SW1V,1150,1150.0,13800.0,3,3.49,1526,False
room in a shared flat,SW1V,1150,1150.0,13800.0,4,3.49,1526,False
1 bed flat,NW1,2250,2250.0,27000.0,1,3.5,2192,False
1 bed flat,NW1,2300,2300.0,27600.0,1,3.5,2192,False
2 bed flat,E1,2000,1000.0,12000.0,2,3.51,2218,False
2 bed flat,SW8,5600,2800.0,33600.0,2,3.51,1278,False
1 bed flat,SW8,3250,3250.0,39000.0,1,3.51,1192,False
1 bed flat,E1,1750,1750.0,21000.0,1,3.51,2290,False
room in a shared flat,N1,1000,1000.0,12000.0,3,3.52,2127,False
room in a shared flat,N1,1200,1200.0,14400.0,3,3.52,2127,False
2 bed flat,NW1,1800,900.0,10800.0,2,3.52,1726,False
studio flat,NW1,1550,1550.0,18600.0,1,3.52,1461,False
2 bed flat,E1W,3490,1745.0,20940.0,2,3.52,2062,False
studio flat,NW1,2100,2100.0,25200.0,1,3.52,2015,False
1 bed flat,E1,3000,3000.0,36000.0,1,3.53,2278,False
room in a shared flat,E1W,1560,1560.0,18720.0,3,3.53,2049,False
1 bed flat,W2,2600,2600.0,31200.0,1,3.53,2295,False
2 bed maisonette,NW1,3750,1875.0,22500.0,2,3.54,1904,False
studio flat,SW1V,1800,1800.0,21600.0,1,3.54,1516,False
1 bed flat,NW1,2500,2500.0,30000.0,1,3.54,1965,False
room in a shared flat,NW1,1354,1354.0,16248.0,2,3.54,1731,False
2 bed flat,NW1,3010,1505.0,18060.0,2,3.55,1339,False
2 bed flat,NW1,2750,1375.0,16500.0,2,3.55,1662,False
1 bed flat,SW8,4637,4637.0,55644.0,1,3.55,1175,False
room in a shared house,SE17,800,800.0,9600.0,4,3.55,1526,False
2 bed flat,NW1,3000,1500.0,18000.0,2,3.55,1360,False
2 bed flat,SW1V,2498,1249.0,14988.0,2,3.56,1515,False
1 bed flat,E2,1950,1950.0,23400.0,1,3.57,2759,False
3 bed flat,E2,2100,700.0,8400.0,3,3.57,2426,False
3 bed flat,N1,2400,800.0,9600.0,3,3.57,2051,False
3 bed flat,SW1V,2900,966.6666666666666,11600.0,3,3.57,1501,False
1 bed flat,NW1,1387,1387.0,16644.0,1,3.58,1351,False
1 bed flat,NW1,1473,1473.0,17676.0,1,3.58,1351,False
2 bed flat,N1,2500,1250.0,15000.0,2,3.58,2057,False
3 bed flat,W2,5417,1805.6666666666667,21668.0,3,3.58,2355,False
2 bed flat,E1,3600,1800.0,21600.0,2,3.59,1985,False
room in a shared flat,E1,1500,1500.0,18000.0,2,3.59,1985,False
2 bed penthouse,SW8,3500,1750.0,21000.0,2,3.59,1178,False
5 bed flat,NW1,6500,1300.0,15600.0,5,3.59,1250,False
2 bed flat,NW1,2500,1250.0,15000.0,2,3.59,1956,False
2 bed flat,SW8,8000,4000.0,48000.0,2,3.59,1195,False
1 bed flat,W2,2000,2000.0,24000.0,1,3.6,2101,False
room in a shared flat,SW8,995,995.0,11940.0,3,3.61,1146,False
2 bed flat,W2,2000,1000.0,12000.0,2,3.61,2089,False
2 bed flat,SW8,5500,2750.0,33000.0,2,3.62,1190,False
room in a shared house,E1,850,850.0,10200.0,1,3.62,2329,False
2 bed flat,W2,3500,1750.0,21000.0,2,3.63,2096,False
1 bed flat,NW1,3500,3500.0,42000.0,1,3.63,1267,False
bedsit,E2,1500,1500.0,18000.0,1,3.63,2727,False
2 bed flat,E1W,3900,1950.0,23400.0,2,3.64,1983,False
1 bed flat,NW1,2300,2300.0,27600.0,1,3.64,1293,False
3 bed flat,E1,2600,866.6666666666666,10400.0,3,3.64,2325,False
1 bed flat,E1,1850,1850.0,22200.0,1,3.64,2066,False
studio flat,E1,1750,1750.0,21000.0,1,3.64,2214,False
1 bed flat,NW1,2500,2500.0,30000.0,1,3.65,1989,False
2 bed flat,E1W,3467,1733.5,20802.0,2,3.65,1935,False
studio flat,E1W,2557,2557.0,30684.0,1,3.65,1935,False
room in a shared flat,W2,1300,1300.0,15600.0,4,3.66,2050,False
2 bed flat,E1,2395,1197.5,14370.0,2,3.66,2582,False
studio flat,NW1,1850,1850.0,22200.0,1,3.66,1446,False
4 bed terraced house,E1,4875,1218.75,14625.0,4,3.66,2291,False
1 bed flat,E2,2000,2000.0,24000.0,1,3.67,2221,False
1 bed flat,N7,2150,2150.0,25800.0,1,3.67,1365,False
2 bed flat,N7,2550,1275.0,15300.0,2,3.67,1365,False
2 bed flat,E1,2600,1300.0,15600.0,2,3.67,1968,False
1 bed flat,E1W,1650,1650.0,19800.0,1,3.68,1747,False
room in a shared flat,E1,1000,1000.0,12000.0,3,3.68,1948,False
1 bed flat,E1,3500,3500.0,42000.0,1,3.68,2077,False
1 bed flat,N7,1925,1925.0,23100.0,1,3.68,1343,False
room in a shared flat,E1W,800,800.0,9600.0,3,3.68,1624,False
1 bed flat,SW11,3600,3600.0,43200.0,1,3.68,1159,False
2 bed terraced house,W2,3750,1875.0,22500.0,2,3.69,2037,False
room in a shared flat,NW8,1200,1200.0,14400.0,3,3.69,1732,False
room in a shared flat,NW8,1100,1100.0,13200.0,3,3.69,1732,False
room in a shared flat,NW8,1150,1150.0,13800.0,3,3.69,1732,False
room in a shared flat,NW8,1200,1200.0,14400.0,3,3.69,1732,False
room in a shared flat,NW8,1100,1100.0,13200.0,3,3.69,1732,False
1 bed flat,SW1W,2800,2800.0,33600.0,1,3.69,1387,False
3 bed flat,SW8,4750,1583.3333333333333,19000.0,3,3.69,1146,False
1 bed flat,N7,1750,1750.0,21000.0,1,3.7,1432,False
room in a shared house,E2,750,750.0,9000.0,5,3.7,2171,False
room in a shared flat,E2,770,770.0,9240.0,4,3.7,2247,False
2 bed flat,E2,3467,1733.5,20802.0,2,3.7,2378,False
1 bed flat,SW8,2687,2687.0,32244.0,1,3.7,1152,False
1 bed penthouse,SE16,2300,2300.0,27600.0,1,3.7,1425,False
studio flat,SW11,2900,2900.0,34800.0,1,3.72,1149,False
1 bed flat,NW1,2800,2800.0,33600.0,1,3.73,1770,False
room in a shared flat,E2,1000,1000.0,12000.0,3,3.73,2702,False
room in a shared flat,E2,1000,1000.0,12000.0,3,3.73,2702,False
room in a shared flat,E2,1000,1000.0,12000.0,3,3.73,2702,False
2 bed flat,SW1X,5460,2730.0,32760.0,2,3.73,1494,False
1 bed flat,SW1W,3250,3250.0,39000.0,1,3.74,1390,False
studio flat,SW1W,2100,2100.0,25200.0,1,3.74,1390,False
3 bed flat,E1W,3650,1216.6666666666667,14600.0,3,3.74,1851,False
3 bed penthouse,E1W,3950,1316.6666666666667,15800.0,3,3.74,1851,False
1 bed flat,SW8,3400,3400.0,40800.0,1,3.74,1135,False
6 bed semi-detached house,SE5,5300,883.3333333333334,10600.0,6,3.75,1398,False
2 bed flat,E1,2100,1050.0,12600.0,2,3.75,2398,False
3 bed flat,E1,3000,1000.0,12000.0,3,3.75,2071,False
2 bed flat,SW8,2200,1100.0,13200.0,2,3.76,1129,False
1 bed flat,SW1W,3467,3467.0,41604.0,1,3.76,1375,False
2 bed flat,N1,2800,1400.0,16800.0,2,3.77,1799,False
1 bed flat,NW1,2000,2000.0,24000.0,1,3.77,1947,False
room in a shared house,N7,850,850.0,10200.0,4,3.77,1614,False
room in a shared house,NW8,900,900.0,10800.0,7,3.78,1618,False
2 bed flat,E1,2350,1175.0,14100.0,2,3.78,2566,False
3 bed flat,E1,3500,1166.6666666666667,14000.0,3,3.79,2143,False
2 bed semi-detached house,N7,3198,1599.0,19188.0,2,3.79,1317,False
2 bed flat,E1W,3799,1899.5,22794.0,2,3.8,1698,False
room in a shared flat,SE17,750,750.0,9000.0,1,3.8,1494,False
3 bed flat,W2,5178,1726.0,20712.0,3,3.81,2008,False
room in a shared flat,NW8,1230,1230.0,14760.0,5,3.81,1660,False
room in a shared flat,NW8,850,850.0,10200.0,4,3.81,1660,False
3 bed flat,N1,4300,1433.3333333333333,17200.0,3,3.82,1382,False
1 bed flat,NW1,1750,1750.0,21000.0,1,3.82,1396,False
room in a shared flat,SE5,1278,1278.0,15336.0,4,3.82,1426,False
1 bed flat,SW11,2925,2925.0,35100.0,1,3.83,1139,False
2 bed flat,N7,2500,1250.0,15000.0,2,3.83,1266,False
2 bed flat,E2,2297,1148.5,13782.0,2,3.83,2600,False
1 bed flat,N7,1450,1450.0,17400.0,1,3.84,1469,False
room in a shared flat,NW8,850,850.0,10200.0,4,3.84,1602,False
room in a shared flat,NW8,850,850.0,10200.0,4,3.84,1602,False
room in a shared flat,NW8,850,850.0,10200.0,4,3.84,1602,False
room in a shared flat,NW8,850,850.0,10200.0,4,3.84,1602,False
1 bed flat,SW8,2150,2150.0,25800.0,1,3.84,1125,False
room in a shared house,NW8,850,850.0,10200.0,4,3.84,1563,False
room in a shared flat,NW8,1150,1150.0,13800.0,5,3.84,1563,False
room in a shared flat,NW8,1230,1230.0,14760.0,5,3.84,1563,False
room in a shared flat,NW8,1150,1150.0,13800.0,5,3.84,1563,False
room in a shared flat,NW8,1150,1150.0,13800.0,5,3.84,1563,False
3 bed flat,N1,4950,1650.0,19800.0,3,3.85,1985,False
bedsit,W2,1148,1148.0,13776.0,1,3.86,1946,False
room in a shared flat,SE1,900,900.0,10800.0,3,3.87,1325,False
1 bed flat,E2,1300,1300.0,15600.0,1,3.87,2335,False
2 bed flat,NW1,2450,1225.0,14700.0,2,3.87,1625,False
3 bed terraced house,NW1,3500,1166.6666666666667,14000.0,3,3.88,1614,False
1 bed flat,NW1,4950,4950.0,59400.0,1,3.88,1386,False
room in a shared flat,SE1,900,900.0,10800.0,3,3.88,1323,False
room in a shared flat,SE1,900,900.0,10800.0,3,3.88,1323,False
room in a shared flat,SE1,900,900.0,10800.0,3,3.88,1323,False
room in a shared flat,SW8,750,750.0,9000.0,3,3.88,1129,False
1 bed flat,NW1,2000,2000.0,24000.0,1,3.88,1610,False
2 bed flat,SE5,2000,1000.0,12000.0,2,3.89,1437,False
1 bed flat,W2,2800,2800.0,33600.0,1,3.89,1967,False
2 bed flat,E8,2800,1400.0,16800.0,2,3.89,2085,False
1 bed flat,E8,1750,1750.0,21000.0,1,3.89,2069,False
2 bed flat,E8,2700,1350.0,16200.0,2,3.89,2069,False
3 bed flat,E1,2600,866.6666666666666,10400.0,3,3.89,1801,False
3 bed flat,NW1,3240,1080.0,12960.0,3,3.9,1614,False
2 bed flat,SE16,2050,1025.0,12300.0,2,3.9,1227,False
1 bed flat,NW1,1680,1680.0,20160.0,1,3.9,1390,False
2 bed flat,E1,1750,875.0,10500.0,2,3.9,1875,False
5 bed flat,NW1,5000,1000.0,12000.0,5,3.9,1615,False
2 bed flat,NW1,2708,1354.0,16248.0,2,3.91,1305,False
room in a shared house,SW9,997,997.0,11964.0,5,3.92,1445,False
3 bed flat,NW8,3850,1283.3333333333333,15400.0,3,3.92,1618,False
2 bed flat,W2,6422,3211.0,38532.0,2,3.92,1957,False
2 bed flat,SE5,2050,1025.0,12300.0,2,3.92,1339,False
room in a shared flat,SE16,860,860.0,10320.0,6,3.93,1241,False
room in a shared flat,SE16,860,860.0,10320.0,6,3.93,1241,False
room in a shared flat,SE16,780,780.0,9360.0,5,3.93,1241,False
room in a shared flat,SE16,860,860.0,10320.0,6,3.93,1241,False
room in a shared house,SE16,860,860.0,10320.0,6,3.93,1241,False
room in a shared house,SE16,860,860.0,10320.0,6,3.93,1241,False
room in a shared house,SE16,860,860.0,10320.0,6,3.93,1241,False
1 bed flat,SE16,1900,1900.0,22800.0,1,3.94,1225,False
1 bed terraced house,SW7,3250,3250.0,39000.0,1,3.94,1159,False
1 bed flat,SE16,1950,1950.0,23400.0,1,3.94,1225,False
room in a shared flat,SE16,860,860.0,10320.0,6,3.95,1227,False
2 bed flat,W2,4000,2000.0,24000.0,2,3.95,1986,False
2 bed flat,E1,2200,1100.0,13200.0,2,3.96,1772,False
2 bed flat,NW1,2750,1375.0,16500.0,2,3.97,1325,False
studio flat,N7,1647,1647.0,19764.0,1,3.97,1586,False
1 bed flat,N1,3000,3000.0,36000.0,1,3.97,1554,False
studio flat,W2,1842,1842.0,22104.0,1,3.98,1873,False
2 bed flat,E2,2600,1300.0,15600.0,2,3.99,2509,False
3 bed flat,SW11,4500,1500.0,18000.0,3,4.0,1131,False
4 bed end terrace,SW8,4500,1125.0,13500.0,4,4.0,1137,False
2 bed flat,E1,2400,1200.0,14400.0,2,4.0,2061,False
1 bed flat,SE5,3990,3990.0,47880.0,1,4.0,1388,False
2 bed flat,SW11,4000,2000.0,24000.0,2,4.0,1124,False
urbanest Westminster Bridge,SE1,1291,1291.0,11621.0,1,1.5,3219,True
College Hall,WC1E,1255,1255.0,11589.0,1,1.2,7655,True
International Hall,WC1N,1153,1153.0,10651.0,1,1.0,6247,True
Bankside House,SE1,1125,1125.0,10128.0,1,1.5,2392,True
Carr-Saunders Hall,W1T,1114,1114.0,7974.0,1,1.6,7544,True
Connaught Hall,WC1H,1185,1185.0,10945.0,1,1.3,6760,True
High Holborn Residence,WC1V,1377,1377.0,12394.0,1,0.5,7225,True
Passfield Hall,WC1H,1095,1095.0,7839.0,1,1.5,6240,True
Nutford House,W1H,1084,1084.0,10007.0,1,3.1,2803,True
Rosebery Hall,EC1R,1108,1108.0,9978.0,1,1.6,2646,True
The Garden Halls,WC1H,1209,1209.0,11167.0,1,1.6,4778,True
